Fruit,Calories (kcal),Sugar (g),Protein (g),Carbohydrates (g),Fiber (g),Sodium (mg)
Apple,95,8.24,1.22,20.24,2.89,9.85
Banana,96,15.26,1.52,19.32,1.76,4.18
Mango,70,9.65,3.22,23.33,1.01,0.59
Orange,77,22.0,2.3,20.51,8.47,9.13
Grapes,62,18.18,1.74,10.32,4.91,6.74
Pineapple,68,19.34,3.24,22.0,4.6,5.58
Watermelon,94,17.56,1.54,23.78,6.81,3.25
Papaya,36,20.69,1.72,12.76,5.0,0.64
Guava,33,16.63,1.65,15.14,8.68,8.4
Pomegranate,41,6.77,1.65,22.7,9.7,5.5
Strawberry,63,19.47,1.54,26.3,4.48,0.63
Blueberry,41,10.25,1.51,27.59,8.16,4.46
Raspberry,96,15.45,1.02,13.71,9.39,0.68
Blackberry,45,18.98,2.72,20.64,5.99,2.82
Kiwi,52,10.6,2.35,21.33,2.12,4.7
Peach,63,10.83,2.41,19.79,2.98,8.19
Plum,58,12.58,1.99,8.45,2.79,0.31
Cherry,76,15.18,1.43,12.58,8.74,9.35
Lychee,90,18.32,2.89,15.04,4.86,7.76
Apricot,72,14.64,3.42,21.56,2.87,7.29
Fig,75,18.43,3.2,15.94,5.72,6.71
Avocado,37,14.74,0.82,27.47,9.94,5.22
Cranberry,47,22.77,0.88,25.98,9.75,1.23
Coconut,41,13.4,2.21,20.13,2.15,9.13
Date,41,19.46,2.56,18.57,3.48,9.82
Gooseberry,66,24.16,2.04,12.11,2.62,2.9
Passion Fruit,40,13.55,3.35,21.47,6.8,5.01
Starfruit,98,6.7,0.93,22.28,3.95,7.0
Tamarind,63,14.57,3.09,14.02,1.07,7.8
Jackfruit,43,17.24,0.72,12.59,3.39,5.2
Mulberry,83,20.26,2.0,18.19,4.03,5.8
Persimmon,88,8.76,3.08,23.62,2.27,5.97
Nectarine,36,8.74,3.04,18.95,7.66,4.06
Olive,39,14.25,2.79,26.42,9.73,9.49
Cantaloupe,54,19.86,2.87,13.12,5.67,3.51
Honeydew,58,10.75,0.94,12.31,6.23,4.18
Dragon Fruit,90,22.43,2.48,11.07,7.87,8.75
Mangosteen,50,9.3,1.47,8.67,2.68,2.24
Custard Apple,90,14.03,3.17,21.42,5.92,3.3
Soursop,41,17.62,2.31,12.63,1.13,1.02
Bael,36,20.41,2.09,11.44,5.44,3.19
Jujube,35,6.81,2.49,8.66,6.15,5.71
Amla,73,21.21,3.32,22.26,4.32,8.44
Bilberry,46,16.77,2.93,11.74,8.05,0.11
Ackee,68,17.67,1.39,22.29,6.86,6.27
Longan,70,9.18,2.06,27.98,6.05,0.75
Sapota,49,20.65,2.83,25.0,2.5,4.99
Maracuja,84,9.07,1.1,11.45,7.3,7.98
Rambutan,95,21.57,0.78,10.34,4.05,4.11
Durian,40,12.39,1.41,16.04,5.26,5.98
Barberry,56,22.13,1.65,14.13,3.41,7.8
Breadfruit,99,7.49,2.72,18.28,4.6,9.15
Rose Apple,81,18.63,0.84,11.71,1.23,8.9
Salak,70,13.98,2.29,11.49,1.27,4.87
Tangerine,69,11.88,0.95,12.58,2.52,4.02
Clementine,52,12.88,2.16,16.99,8.6,9.12
Pomelo,85,21.06,2.96,17.76,6.24,4.42
Cloudberry,96,20.27,1.92,24.44,8.01,5.16
Sea Buckthorn,87,14.17,0.59,27.18,2.69,1.37
Kumquat,85,23.92,3.26,9.04,4.04,8.36
Feijoa,87,15.78,2.46,26.84,4.17,9.62
Jabuticaba,89,13.11,2.74,20.0,1.52,4.57
Blackcurrant,98,5.66,2.43,10.0,3.36,0.36
Redcurrant,38,6.12,1.31,9.32,6.15,9.45
Whitecurrant,50,16.6,2.42,16.13,5.37,1.1
Sloe,33,18.74,1.37,25.93,1.29,9.5
Sorbus,99,20.2,3.4,19.0,3.74,7.92
Pawpaw,30,19.15,1.06,23.19,2.47,0.9
Medlar,44,12.32,2.89,12.22,4.25,7.46
Elderberry,30,18.69,1.97,22.32,9.84,6.66
Miracle Fruit,84,8.7,2.85,18.15,2.85,3.1
Cupuacu,48,12.41,3.39,13.18,8.23,9.87
Lucuma,39,11.16,0.6,14.63,2.88,8.29
Horned Melon,59,14.3,3.47,12.98,9.48,4.3
Pitanga,89,8.42,1.47,9.04,4.4,6.77
Quince,73,8.01,1.08,8.97,6.71,9.61
Chempedak,94,9.85,2.08,13.75,6.71,0.57
Buddha's Hand,51,13.2,3.19,16.16,8.08,5.58
Velvet Apple,33,24.89,1.13,14.61,6.74,6.81
Yantok,90,7.84,2.73,12.74,6.96,8.57
Safou,32,7.57,2.67,23.24,8.92,6.32
Mamey Sapote,79,21.64,2.89,24.67,5.44,2.6
Cedar Bay Cherry,51,19.18,3.04,24.03,4.52,7.58
Mamoncillo,68,13.44,1.09,16.12,5.65,9.19
Kei Apple,66,18.55,2.09,20.58,9.56,5.89
Desert Lime,72,21.07,1.06,15.92,5.36,9.7
Indian Plum,82,14.84,0.69,11.45,3.06,9.2
Yangmei,36,9.19,0.8,20.09,9.93,8.98
Santol,98,6.31,2.32,9.43,1.9,9.27
Bignay,93,5.96,1.04,9.8,9.38,0.86
Chokeberry,99,10.31,2.12,14.77,4.51,4.94
Indian Fig,58,12.35,0.66,19.53,9.15,8.97
Kaffir Lime,44,21.73,2.12,20.86,8.7,4.0
Osage Orange,90,12.21,1.31,9.11,6.3,7.72
Tindora,56,19.81,2.84,9.4,9.93,4.22
Monk Fruit,97,9.0,1.59,27.36,7.17,4.43
Prickly Pear,31,12.27,2.98,26.86,2.78,5.22
Gac Fruit,30,20.33,2.9,23.73,3.95,0.84
Camu Camu,74,18.25,2.05,9.29,5.19,7.35
Horned Cucumber,96,20.8,2.74,27.47,7.48,3.3
